<?xml version="1.0" encoding="UTF-8"?>
<beans xmlns="http://www.springframework.org/schema/beans"
    xmlns:ctx="http://www.springframework.org/schema/context"
    xmlns:tx="http://www.springframework.org/schema/tx"
    xmlns:xsi="http://www.w3.org/2001/XMLSchema-instance"
    xsi:schemaLocation="
        http://www.springframework.org/schema/beans http://www.springframework.org/schema/beans/spring-beans.xsd
        http://www.springframework.org/schema/context http://www.springframework.org/schema/context/spring-context.xsd
         http://www.springframework.org/schema/tx http://www.springframework.org/schema/tx/spring-tx.xsd
        ">
        
     <import resource="hr-core.xml"/>
     
	<ctx:component-scan base-package="com.lti.gladiator.controller" />
	<bean class="org.springframework.web.servlet.view.InternalResourceViewResolver">
		<property name="prefix">
				<value>/WEB-INF/jsps/</value>
		</property>
		<property name="suffix">
				<value>.jsp</value>
		</property>
	</bean>
</beans>